{
    "name": "root",
    "gauges": {
        "HexUnit.Policy.Entropy.mean": {
            "value": 0.611125648021698,
            "min": 0.23495525121688843,
            "max": 1.283542513847351,
            "count": 928
        },
        "HexUnit.Policy.Entropy.sum": {
            "value": 1029.7467041015625,
            "min": 481.1883544921875,
            "max": 2973.69482421875,
            "count": 928
        },
        "HexUnit.IsTraining.mean": {
            "value": 1.0,
            "min": 1.0,
            "max": 1.0,
            "count": 928
        },
        "HexUnit.IsTraining.sum": {
            "value": 1.0,
            "min": 1.0,
            "max": 1.0,
            "count": 928
        },
        "HexUnit.Step.mean": {
            "value": 1903665.0,
            "min": 51772.0,
            "max": 1903665.0,
            "count": 927
        },
        "HexUnit.Step.sum": {
            "value": 1903665.0,
            "min": 51772.0,
            "max": 1903665.0,
            "count": 927
        },
        "HexUnit.Policy.ExtrinsicValueEstimate.mean": {
            "value": 3.2650692462921143,
            "min": -0.3795958459377289,
            "max": 3.843790054321289,
            "count": 927
        },
        "HexUnit.Policy.ExtrinsicValueEstimate.sum": {
            "value": 16.325345993041992,
            "min": -1.8524706363677979,
            "max": 24.122730255126953,
            "count": 927
        },
        "HexUnit.Policy.CuriosityValueEstimate.mean": {
            "value": 0.03687388822436333,
            "min": 0.004863830748945475,
            "max": 0.13316835463047028,
            "count": 927
        },
        "HexUnit.Policy.CuriosityValueEstimate.sum": {
            "value": 0.18436944484710693,
            "min": 0.025288745760917664,
            "max": 0.7926369309425354,
            "count": 927
        },
        "HexUnit.Environment.EpisodeLength.mean": {
            "value": 841.5,
            "min": 0.0,
            "max": 3436.0,
            "count": 858
        },
        "HexUnit.Environment.EpisodeLength.sum": {
            "value": 1683.0,
            "min": 0.0,
            "max": 4443.0,
            "count": 858
        },
        "HexUnit.Environment.CumulativeReward.mean": {
            "value": 14.65083398995921,
            "min": -7.71933260653168,
            "max": 54.311001777648926,
            "count": 795
        },
        "HexUnit.Environment.CumulativeReward.sum": {
            "value": 29.30166797991842,
            "min": -9.933999312925152,
            "max": 92.30267183680553,
            "count": 795
        },
        "HexUnit.Policy.ExtrinsicReward.mean": {
            "value": 14.65083398995921,
            "min": -7.71933260653168,
            "max": 54.311001777648926,
            "count": 795
        },
        "HexUnit.Policy.ExtrinsicReward.sum": {
            "value": 29.30166797991842,
            "min": -9.933999312925152,
            "max": 92.30267183680553,
            "count": 795
        },
        "HexUnit.Policy.CuriosityReward.mean": {
            "value": 0.2536199258756824,
            "min": 0.0,
            "max": 1.8917568922042847,
            "count": 795
        },
        "HexUnit.Policy.CuriosityReward.sum": {
            "value": 0.5072398517513648,
            "min": 0.0,
            "max": 2.4597653881646693,
            "count": 795
        },
        "HexUnit.Losses.PolicyLoss.mean": {
            "value": 0.022594201452254006,
            "min": 0.019655133116369447,
            "max": 0.030152773872638743,
            "count": 89
        },
        "HexUnit.Losses.PolicyLoss.sum": {
            "value": 0.022594201452254006,
            "min": 0.019655133116369447,
            "max": 0.030152773872638743,
            "count": 89
        },
        "HexUnit.Losses.ValueLoss.mean": {
            "value": 0.07875177481522162,
            "min": 0.005519284789140026,
            "max": 0.11245335098356009,
            "count": 89
        },
        "HexUnit.Losses.ValueLoss.sum": {
            "value": 0.07875177481522162,
            "min": 0.005519284789140026,
            "max": 0.11245335098356009,
            "count": 89
        },
        "HexUnit.Policy.LearningRate.mean": {
            "value": 0.00010000000000000003,
            "min": 0.00010000000000000003,
            "max": 0.00010000000000000003,
            "count": 89
        },
        "HexUnit.Policy.LearningRate.sum": {
            "value": 0.00010000000000000003,
            "min": 0.00010000000000000003,
            "max": 0.00010000000000000003,
            "count": 89
        },
        "HexUnit.Policy.Epsilon.mean": {
            "value": 0.19999999999999993,
            "min": 0.19999999999999993,
            "max": 0.19999999999999993,
            "count": 89
        },
        "HexUnit.Policy.Epsilon.sum": {
            "value": 0.19999999999999993,
            "min": 0.19999999999999993,
            "max": 0.19999999999999993,
            "count": 89
        },
        "HexUnit.Policy.Beta.mean": {
            "value": 0.001,
            "min": 0.001,
            "max": 0.001,
            "count": 89
        },
        "HexUnit.Policy.Beta.sum": {
            "value": 0.001,
            "min": 0.001,
            "max": 0.001,
            "count": 89
        },
        "HexUnit.Losses.CuriosityForwardLoss.mean": {
            "value": 0.06509606384982665,
            "min": 0.059184055464963116,
            "max": 0.17020977859695752,
            "count": 89
        },
        "HexUnit.Losses.CuriosityForwardLoss.sum": {
            "value": 0.06509606384982665,
            "min": 0.059184055464963116,
            "max": 0.17020977859695752,
            "count": 89
        },
        "HexUnit.Losses.CuriosityInverseLoss.mean": {
            "value": 0.7244856347640355,
            "min": 0.6836607446273167,
            "max": 1.5324059844017028,
            "count": 89
        },
        "HexUnit.Losses.CuriosityInverseLoss.sum": {
            "value": 0.7244856347640355,
            "min": 0.6836607446273167,
            "max": 1.5324059844017028,
            "count": 89
        },
        "HexUnit.HexUnit.Moves.mean": {
            "value": 366.0,
            "min": 45.0,
            "max": 557.0,
            "count": 109
        },
        "HexUnit.HexUnit.Moves.sum": {
            "value": 366.0,
            "min": 45.0,
            "max": 713.0,
            "count": 109
        },
        "HexUnit.HexUnit.Attacks.mean": {
            "value": 0.0,
            "min": 0.0,
            "max": 0.0,
            "count": 109
        },
        "HexUnit.HexUnit.Attacks.sum": {
            "value": 0.0,
            "min": 0.0,
            "max": 0.0,
            "count": 109
        },
        "HexUnit.HexUnit.Gathers.mean": {
            "value": 103.0,
            "min": 78.0,
            "max": 290.0,
            "count": 109
        },
        "HexUnit.HexUnit.Gathers.sum": {
            "value": 103.0,
            "min": 78.0,
            "max": 372.0,
            "count": 109
        },
        "HexUnit.HexUnit.Deposits.mean": {
            "value": 19.0,
            "min": 11.0,
            "max": 53.0,
            "count": 109
        },
        "HexUnit.HexUnit.Deposits.sum": {
            "value": 19.0,
            "min": 11.0,
            "max": 69.0,
            "count": 109
        },
        "HexUnit.HexUnit.Deaths.mean": {
            "value": 0.0,
            "min": 0.0,
            "max": 0.0,
            "count": 109
        },
        "HexUnit.HexUnit.Deaths.sum": {
            "value": 0.0,
            "min": 0.0,
            "max": 0.0,
            "count": 109
        },
        "HexUnit.HexUnit.Kills.mean": {
            "value": 0.0,
            "min": 0.0,
            "max": 0.0,
            "count": 109
        },
        "HexUnit.HexUnit.Kills.sum": {
            "value": 0.0,
            "min": 0.0,
            "max": 0.0,