{
    "name": "root",
    "gauges": {
        "HexUnit.Policy.Entropy.mean": {
            "value": 0.7124797105789185,
            "min": 0.37855538725852966,
            "max": 1.294424057006836,
            "count": 613
        },
        "HexUnit.Policy.Entropy.sum": {
            "value": 1164.19189453125,
            "min": 775.6599731445312,
            "max": 3012.49462890625,
            "count": 613
        },
        "HexUnit.Step.mean": {
            "value": 1225578.0,
            "min": 1843.0,
            "max": 1225578.0,
            "count": 613
        },
        "HexUnit.Step.sum": {
            "value": 1225578.0,
            "min": 1843.0,
            "max": 1225578.0,
            "count": 613
        },
        "HexUnit.Policy.ExtrinsicValueEstimate.mean": {
            "value": 2.0156540870666504,
            "min": -0.2825590670108795,
            "max": 4.742927551269531,
            "count": 613
        },
        "HexUnit.Policy.ExtrinsicValueEstimate.sum": {
            "value": 10.078269958496094,
            "min": -1.672548770904541,
            "max": 25.31491470336914,
            "count": 613
        },
        "HexUnit.Policy.CuriosityValueEstimate.mean": {
            "value": 0.04561993107199669,
            "min": -0.1790124922990799,
            "max": 0.1064453125,
            "count": 613
        },
        "HexUnit.Policy.CuriosityValueEstimate.sum": {
            "value": 0.22809965908527374,
            "min": -1.0740749835968018,
            "max": 0.5512996912002563,
            "count": 613
        },
        "HexUnit.Environment.EpisodeLength.mean": {
            "value": 1072.0,
            "min": 0.0,
            "max": 2967.0,
            "count": 584
        },
        "HexUnit.Environment.EpisodeLength.sum": {
            "value": 2144.0,
            "min": 0.0,
            "max": 4173.0,
            "count": 584
        },
        "HexUnit.Environment.CumulativeReward.mean": {
            "value": 23.428667807078455,
            "min": -3.7286663949489594,
            "max": 47.88967227935791,
            "count": 540
        },
        "HexUnit.Environment.CumulativeReward.sum": {
            "value": 46.85733561415691,
            "min": -4.987666296772659,
            "max": 91.12933764257468,
            "count": 540
        },
        "HexUnit.Policy.ExtrinsicReward.mean": {
            "value": 23.428667807078455,
            "min": -3.7286663949489594,
            "max": 47.88967227935791,
            "count": 540
        },
        "HexUnit.Policy.ExtrinsicReward.sum": {
            "value": 46.85733561415691,
            "min": -4.987666296772659,
            "max": 91.12933764257468,
            "count": 540
        },
        "HexUnit.Policy.CuriosityReward.mean": {
            "value": 0.417729772394523,
            "min": 0.0,
            "max": 2.5087490379810333,
            "count": 540
        },
        "HexUnit.Policy.CuriosityReward.sum": {
            "value": 0.835459544789046,
            "min": 0.0,
            "max": 2.9864732366986573,
            "count": 540
        },
        "HexUnit.IsTraining.mean": {
            "value": 1.0,
            "min": 1.0,
            "max": 1.0,
            "count": 613
        },
        "HexUnit.IsTraining.sum": {
            "value": 1.0,
            "min": 1.0,
            "max": 1.0,
            "count": 613
        },
        "HexUnit.Losses.PolicyLoss.mean": {
            "value": 0.023191904975101353,
            "min": 0.018555263061231623,
            "max": 0.03004958249706154,
            "count": 59
        },
        "HexUnit.Losses.PolicyLoss.sum": {
            "value": 0.023191904975101353,
            "min": 0.018555263061231623,
            "max": 0.03004958249706154,
            "count": 59
        },
        "HexUnit.Losses.ValueLoss.mean": {
            "value": 0.12161951816330353,
            "min": 0.005134697572793811,
            "max": 0.12161951816330353,
            "count": 59
        },
        "HexUnit.Losses.ValueLoss.sum": {
            "value": 0.12161951816330353,
            "min": 0.005134697572793811,
            "max": 0.12161951816330353,
            "count": 59
        },
        "HexUnit.Policy.LearningRate.mean": {
            "value": 0.00010000000000000003,
            "min": 0.00010000000000000003,
            "max": 0.00010000000000000003,
            "count": 59
        },
        "HexUnit.Policy.LearningRate.sum": {
            "value": 0.00010000000000000003,
            "min": 0.00010000000000000003,
            "max": 0.00010000000000000003,
            "count": 59
        },
        "HexUnit.Policy.Epsilon.mean": {
            "value": 0.19999999999999993,
            "min": 0.19999999999999993,
            "max": 0.19999999999999993,
            "count": 59
        },
        "HexUnit.Policy.Epsilon.sum": {
            "value": 0.19999999999999993,
            "min": 0.19999999999999993,
            "max": 0.19999999999999993,
            "count": 59
        },
        "HexUnit.Policy.Beta.mean": {
            "value": 0.001,
            "min": 0.001,
            "max": 0.001,
            "count": 59
        },
        "HexUnit.Policy.Beta.sum": {
            "value": 0.001,
            "min": 0.001,
            "max": 0.001,
            "count": 59
        },
        "HexUnit.Losses.CuriosityForwardLoss.mean": {
            "value": 0.08142935186624527,
            "min": 0.0560355960081021,
            "max": 0.17962564105788867,
            "count": 59
        },
        "HexUnit.Losses.CuriosityForwardLoss.sum": {
            "value": 0.08142935186624527,
            "min": 0.0560355960081021,
            "max": 0.17962564105788867,
            "count": 59
        },
        "HexUnit.Losses.CuriosityInverseLoss.mean": {
            "value": 0.6840245107809703,
            "min": 0.6840245107809703,
            "max": 1.9734328985214233,
            "count": 59
        },
        "HexUnit.Losses.CuriosityInverseLoss.sum": {
            "value": 0.6840245107809703,
            "min": 0.6840245107809703,
            "max": 1.9734328985214233,
            "count": 59
        },
        "HexUnit.HexUnit.Moves.mean": {
            "value": 282.0,
            "min": 36.0,
            "max": 568.0,
            "count": 80
        },
        "HexUnit.HexUnit.Moves.sum": {
            "value": 282.0,
            "min": 36.0,
            "max": 568.0,
            "count": 80
        },
        "HexUnit.HexUnit.Attacks.mean": {
            "value": 0.0,
            "min": 0.0,
            "max": 0.0,
            "count": 80
        },
        "HexUnit.HexUnit.Attacks.sum": {
            "value": 0.0,
            "min": 0.0,
            "max": 0.0,
            "count": 80
        },
        "HexUnit.HexUnit.Gathers.mean": {
            "value": 97.0,
            "min": 80.0,
            "max": 285.0,
            "count": 80
        },
        "HexUnit.HexUnit.Gathers.sum": {
            "value": 97.0,
            "min": 80.0,
            "max": 287.0,
            "count": 80
        },
        "HexUnit.HexUnit.Deposits.mean": {
            "value": 31.0,
            "min": 16.0,
            "max": 48.0,
            "count": 80
        },
        "HexUnit.HexUnit.Deposits.sum": {
            "value": 31.0,
            "min": 16.0,
            "max": 61.0,
            "count": 80
        },
        "HexUnit.HexUnit.Deaths.mean": {
            "value": 0.0,
            "min": 0.0,
            "max": 0.0,
            "count": 80
        },
        "HexUnit.HexUnit.Deaths.sum": {
            "value": 0.0,
            "min": 0.0,
            "max": 0.0,
            "count": 80
        },
        "HexUnit.HexUnit.Kills.mean": {
            "value": 0.0,
            "min": 0.0,
            "max": 0.0,
            "count": 80
        },
        "HexUnit.HexUnit.Kills.sum": {
            "value": 0.0,
            "min": 0.0,
            "max": 0.0,
            "count": 80
        },