{"count":1,"self":7782.752256,"total":10710.0086895,"children":{"InitializeActuators":{"count":6174,"self":0.0332385,"total":0.0332385,"children":null},"InitializeSensors":{"count":6174,"self":0.014030299999999999,"total":0.014030299999999999,"children":null},"AgentInfo.ToProto":{"count":3274,"self":0.0106254,"total":0.029243599999999998,"children":{"GenerateSensorData":{"count":3274,"self":0.018618199999999998,"total":0.018618199999999998,"children":null}}},"AgentSendState":{"count":30071194,"self":17.4449328,"total":46.0632265,"children":{"CollectObservations":{"count":605026,"self":14.2424544,"total":14.2424542,"children":null},"WriteActionMask":{"count":605026,"self":3.2951736,"total":3.2951736,"children":null},"RequestDecision":{"count":605026,"self":2.8357508,"total":11.0806656,"children":{"AgentInfo.ToProto":{"count":605026,"self":2.8722832,"total":8.2449148,"children":{"GenerateSensorData":{"count":605026,"self":5.3726316,"total":5.3726316999999995,"children":null}}}}}}},"DecideAction":{"count":30071194,"self":2768.4974592,"total":2768.4974268,"children":null},"AgentAct":{"count":30071194,"self":112.5372032,"total":112.6195633,"children":{"AgentInfo.ToProto":{"count":4483,"self":0.0216203,"total":0.0512752,"children":{"GenerateSensorData":{"count":4483,"self":0.029654899999999998,"total":0.029654899999999998,"children":null}}},"InitializeActuators":{"count":1525,"self":0.0205521,"total":0.0205521,"children":null},"InitializeSensors":{"count":1525,"self":0.010536799999999999,"total":0.010536799999999999,"children":null}}}},"gauges":{"HexUnit.CumulativeReward":{"count":3210,"max":305.46402,"min":-34.0051155,"runningAverage":48.7610626,"value":40.069,"weightedAverage":43.5240555}},"metadata":{"timer_format_version":"0.1.0","start_time_seconds":"1780748563","unity_version":"6000.3.10f1","command_line_arguments":"C:\\Program Files\\Unity\\Hub\\Editor\\6000.3.10f1\\Editor\\Unity.exe -projectpath C:\\Users\\Jayden\\Documents\\Masters -acceptSoftwareTermsForThisRunOnly -useHub -hubIPC -cloudEnvironment production","communication_protocol_version":"1.5.0","com.unity.ml-agents_version":"4.0.3","scene_name":"Hex Map Scene","end_time_seconds":"1780759273"}}