{
    "name": "root",
    "gauges": {
        "HexUnit.Policy.Entropy.mean": {
            "value": 0.08930054306983948,
            "min": 0.056936535984277725,
            "max": 1.2770249843597412,
            "count": 2492
        },
        "HexUnit.Policy.Entropy.sum": {
            "value": 205.212646484375,
            "min": 96.96292114257812,
            "max": 3004.63037109375,
            "count": 2492
        },
        "HexUnit.Step.mean": {
            "value": 4983853.0,
            "min": 1536.0,
            "max": 4983853.0,
            "count": 2492
        },
        "HexUnit.Step.sum": {
            "value": 4983853.0,
            "min": 1536.0,
            "max": 4983853.0,
            "count": 2492
        },
        "HexUnit.Policy.ExtrinsicValueEstimate.mean": {
            "value": 0.7930930852890015,
            "min": -0.07939676195383072,
            "max": 1.4287388324737549,
            "count": 2492
        },
        "HexUnit.Policy.ExtrinsicValueEstimate.sum": {
            "value": 8.724023818969727,
            "min": -0.2878183126449585,
            "max": 11.429910659790039,
            "count": 2492
        },
        "HexUnit.Policy.CuriosityValueEstimate.mean": {
            "value": 0.5010677576065063,
            "min": -0.12494148313999176,
            "max": 1.6454964876174927,
            "count": 2492
        },
        "HexUnit.Policy.CuriosityValueEstimate.sum": {
            "value": 5.511745452880859,
            "min": -1.1244733333587646,
            "max": 12.9454927444458,
            "count": 2492
        },
        "HexUnit.IsTraining.mean": {
            "value": 1.0,
            "min": 1.0,
            "max": 1.0,
            "count": 2492
        },
        "HexUnit.IsTraining.sum": {
            "value": 1.0,
            "min": 1.0,
            "max": 1.0,
            "count": 2492
        },
        "HexUnit.Environment.EpisodeLength.mean": {
            "value": 327.2857142857143,
            "min": 0.0,
            "max": 883.5,
            "count": 2490
        },
        "HexUnit.Environment.EpisodeLength.sum": {
            "value": 2291.0,
            "min": 0.0,
            "max": 2998.0,
            "count": 2490
        },
        "HexUnit.Environment.CumulativeReward.mean": {
            "value": 4.760285816853866,
            "min": -0.3880000188946724,
            "max": 8.404666612545649,
            "count": 2491
        },
        "HexUnit.Environment.CumulativeReward.sum": {
            "value": 33.32200071797706,
            "min": -1.4200001507997513,
            "max": 33.837999856099486,
            "count": 2491
        },
        "HexUnit.Policy.ExtrinsicReward.mean": {
            "value": 4.760285816853866,
            "min": -0.3880000188946724,
            "max": 8.404666612545649,
            "count": 2491
        },
        "HexUnit.Policy.ExtrinsicReward.sum": {
            "value": 33.32200071797706,
            "min": -1.4200001507997513,
            "max": 33.837999856099486,
            "count": 2491
        },
        "HexUnit.Policy.CuriosityReward.mean": {
            "value": 0.3772715561790392,
            "min": 0.0,
            "max": 9.791667461395264,
            "count": 2491
        },
        "HexUnit.Policy.CuriosityReward.sum": {
            "value": 2.6409008932532743,
            "min": 0.0,
            "max": 37.31031823216472,
            "count": 2491
        },
        "HexUnit.Losses.PolicyLoss.mean": {
            "value": 0.02602368645214786,
            "min": 0.016999123874120413,
            "max": 0.04378891518184294,
            "count": 240
        },
        "HexUnit.Losses.PolicyLoss.sum": {
            "value": 0.02602368645214786,
            "min": 0.016999123874120413,
            "max": 0.04378891518184294,
            "count": 240
        },
        "HexUnit.Losses.ValueLoss.mean": {
            "value": 0.0003429409368739774,
            "min": 0.0001221041159927457,
            "max": 0.0048985808389261365,
            "count": 240
        },
        "HexUnit.Losses.ValueLoss.sum": {
            "value": 0.0003429409368739774,
            "min": 0.0001221041159927457,
            "max": 0.0048985808389261365,
            "count": 240
        },
        "HexUnit.Policy.LearningRate.mean": {
            "value": 0.00015090034969990001,
            "min": 0.00015090034969990001,
            "max": 0.00029937618020793995,
            "count": 240
        },
        "HexUnit.Policy.LearningRate.sum": {
            "value": 0.00015090034969990001,
            "min": 0.00015090034969990001,
            "max": 0.00029937618020793995,
            "count": 240
        },
        "HexUnit.Policy.Epsilon.mean": {
            "value": 0.15030010000000008,
            "min": 0.15030010000000008,
            "max": 0.19979206000000002,
            "count": 240
        },
        "HexUnit.Policy.Epsilon.sum": {
            "value": 0.15030010000000008,
            "min": 0.15030010000000008,
            "max": 0.19979206000000002,
            "count": 240
        },
        "HexUnit.Policy.Beta.mean": {
            "value": 0.00402897799,
            "min": 0.00402897799,
            "max": 0.007983385594000001,
            "count": 240
        },
        "HexUnit.Policy.Beta.sum": {
            "value": 0.00402897799,
            "min": 0.00402897799,
            "max": 0.007983385594000001,
            "count": 240
        },
        "HexUnit.Losses.CuriosityForwardLoss.mean": {
            "value": 0.023649056379993757,
            "min": 0.019158642708013453,
            "max": 0.298747522632281,
            "count": 240
        },
        "HexUnit.Losses.CuriosityForwardLoss.sum": {
            "value": 0.023649056379993757,
            "min": 0.019158642708013453,
            "max": 0.298747522632281,
            "count": 240
        },
        "HexUnit.Losses.CuriosityInverseLoss.mean": {
            "value": 0.07855129713813463,
            "min": 0.060095654365917045,
            "max": 1.7537605742613473,
            "count": 240
        },
        "HexUnit.Losses.CuriosityInverseLoss.sum": {
            "value": 0.07855129713813463,
            "min": 0.060095654365917045,
            "max": 1.7537605742613473,
            "count": 240
        }
    },
    "metadata": {
        "timer_format_version": "0.1.0",
        "start_time_seconds": "1776896788",
        "python_version": "3.10.11 (tags/v3.10.11:7d4cc5a, Apr  5 2023, 00:38:17) [MSC v.1929 64 bit (AMD64)]",
        "command_line_arguments": "C:\\ml_venv\\Scripts\\mlagents-learn config.yaml --run-id=hex_run_02",
        "mlagents_version": "1.1.0",
        "mlagents_envs_version": "1.1.0",
        "communication_protocol_version": "1.5.0",
        "pytorch_version": "2.1.1+cpu",
        "numpy_version": "1.23.5",
        "end_time_seconds": "1776930490"
    },
    "total": 33700.787634399996,
    "count": 1,
    "self": 0.004791699997440446,
    "children": {
        "run_training.setup": {
            "total": 0.05189760000212118,
            "count": 1,
            "self": 0.05189760000212118
        },
        "TrainerController.start_learning": {
            "total": 33700.7309451,
            "count": 1,
            "self": 67.87288489221828,
            "children": {
                "TrainerController._reset_env": {
                    "total": 8.66802540000208,
                    "count": 1,
                    "self": 8.66802540000208
                },
                "TrainerController.advance": {
                    "total": 33624.134448907775,
                    "count": 4976344,
                    "self": 59.35272170070675,
                    "children": {
                        "env_step": {
                            "total": 32442.39336069447,
                            "count": 4976344,
                            "self": 28120.04758140489,