{
    "name": "root",
    "gauges": {
        "HexUnit.Policy.Entropy.mean": {
            "value": 0.36672669649124146,
            "min": 0.07560122758150101,
            "max": 1.2731561660766602,
            "count": 2125
        },
        "HexUnit.Policy.Entropy.sum": {
            "value": 885.2782592773438,
            "min": 161.18182373046875,
            "max": 3019.7861328125,
            "count": 2125
        },
        "HexUnit.Step.mean": {
            "value": 4251928.0,
            "min": 3805.0,
            "max": 4251928.0,
            "count": 2125
        },
        "HexUnit.Step.sum": {
            "value": 4251928.0,
            "min": 3805.0,
            "max": 4251928.0,
            "count": 2125
        },
        "HexUnit.Policy.ExtrinsicValueEstimate.mean": {
            "value": 4.405200481414795,
            "min": -0.20497827231884003,
            "max": 7.984039783477783,
            "count": 2125
        },
        "HexUnit.Policy.ExtrinsicValueEstimate.sum": {
            "value": 26.431201934814453,
            "min": -1.1401830911636353,
            "max": 61.4411735534668,
            "count": 2125
        },
        "HexUnit.Policy.CuriosityValueEstimate.mean": {
            "value": 0.05899079144001007,
            "min": -0.09856890887022018,
            "max": 0.31903719902038574,
            "count": 2125
        },
        "HexUnit.Policy.CuriosityValueEstimate.sum": {
            "value": 0.3539447486400604,
            "min": -0.5914134383201599,
            "max": 1.2030971050262451,
            "count": 2125
        },
        "HexUnit.IsTraining.mean": {
            "value": 1.0,
            "min": 1.0,
            "max": 1.0,
            "count": 2125
        },
        "HexUnit.IsTraining.sum": {
            "value": 1.0,
            "min": 1.0,
            "max": 1.0,
            "count": 2125
        },
        "HexUnit.Environment.EpisodeLength.mean": {
            "value": 1206.0,
            "min": 0.0,
            "max": 4316.0,
            "count": 1971
        },
        "HexUnit.Environment.EpisodeLength.sum": {
            "value": 2412.0,
            "min": 0.0,
            "max": 5787.0,
            "count": 1971
        },
        "HexUnit.Environment.CumulativeReward.mean": {
            "value": 21.90633430192247,
            "min": -8.752333402633667,
            "max": 62.120001792907715,
            "count": 1852
        },
        "HexUnit.Environment.CumulativeReward.sum": {
            "value": 43.81266860384494,
            "min": -14.001000161282718,
            "max": 161.76700554601848,
            "count": 1852
        },
        "HexUnit.Policy.ExtrinsicReward.mean": {
            "value": 21.90633430192247,
            "min": -8.752333402633667,
            "max": 62.120001792907715,
            "count": 1852
        },
        "HexUnit.Policy.ExtrinsicReward.sum": {
            "value": 43.81266860384494,
            "min": -14.001000161282718,
            "max": 161.76700554601848,
            "count": 1852
        },
        "HexUnit.Policy.CuriosityReward.mean": {
            "value": 0.8531132617499679,
            "min": 0.0,
            "max": 5.321953535079956,
            "count": 1852
        },
        "HexUnit.Policy.CuriosityReward.sum": {
            "value": 1.7062265234999359,
            "min": 0.0,
            "max": 7.050291382707655,
            "count": 1852
        },
        "HexUnit.Losses.PolicyLoss.mean": {
            "value": 0.0230463641618068,
            "min": 0.018235145749834678,
            "max": 0.03145326337544248,
            "count": 205
        },
        "HexUnit.Losses.PolicyLoss.sum": {
            "value": 0.0230463641618068,
            "min": 0.018235145749834678,
            "max": 0.03145326337544248,
            "count": 205
        },
        "HexUnit.Losses.ValueLoss.mean": {
            "value": 0.0675015735750397,
            "min": 0.004705174771758417,
            "max": 0.10085803754627705,
            "count": 205
        },
        "HexUnit.Losses.ValueLoss.sum": {
            "value": 0.0675015735750397,
            "min": 0.004705174771758417,
            "max": 0.10085803754627705,
            "count": 205
        },
        "HexUnit.Policy.LearningRate.mean": {
            "value": 0.00017245318251562,
            "min": 0.00017245318251562,
            "max": 0.00029929365023545013,
            "count": 205
        },
        "HexUnit.Policy.LearningRate.sum": {
            "value": 0.00017245318251562,
            "min": 0.00017245318251562,
            "max": 0.00029929365023545013,
            "count": 205
        },
        "HexUnit.Policy.Epsilon.mean": {
            "value": 0.15748437999999998,
            "min": 0.15748437999999998,
            "max": 0.19976454999999996,
            "count": 205
        },
        "HexUnit.Policy.Epsilon.sum": {
            "value": 0.15748437999999998,
            "min": 0.15748437999999998,
            "max": 0.19976454999999996,
            "count": 205
        },
        "HexUnit.Policy.Beta.mean": {
            "value": 0.0017287829620000006,
            "min": 0.0017287829620000006,
            "max": 0.0029929600449999996,
            "count": 205
        },
        "HexUnit.Policy.Beta.sum": {
            "value": 0.0017287829620000006,
            "min": 0.0017287829620000006,
            "max": 0.0029929600449999996,
            "count": 205
        },
        "HexUnit.Losses.CuriosityForwardLoss.mean": {
            "value": 0.049818722841640316,
            "min": 0.04960267475495736,
            "max": 0.17367549265424412,
            "count": 205
        },
        "HexUnit.Losses.CuriosityForwardLoss.sum": {
            "value": 0.049818722841640316,
            "min": 0.04960267475495736,
            "max": 0.17367549265424412,
            "count": 205
        },
        "HexUnit.Losses.CuriosityInverseLoss.mean": {
            "value": 0.5727710167566935,
            "min": 0.41406043370564777,
            "max": 1.9722157816092174,
            "count": 205
        },
        "HexUnit.Losses.CuriosityInverseLoss.sum": {
            "value": 0.5727710167566935,
            "min": 0.41406043370564777,
            "max": 1.9722157816092174,
            "count": 205
        },
        "HexUnit.HexUnit.Moves.mean": {
            "value": 234.0,
            "min": 26.0,
            "max": 567.0,
            "count": 704
        },
        "HexUnit.HexUnit.Moves.sum": {
            "value": 234.0,
            "min": 26.0,
            "max": 772.0,
            "count": 704
        },
        "HexUnit.HexUnit.Attacks.mean": {
            "value": 0.0,
            "min": 0.0,
            "max": 0.0,
            "count": 704
        },
        "HexUnit.HexUnit.Attacks.sum": {
            "value": 0.0,
            "min": 0.0,
            "max": 0.0,
            "count": 704
        },
        "HexUnit.HexUnit.Gathers.mean": {
            "value": 97.0,
            "min": 78.0,
            "max": 357.0,
            "count": 704
        },
        "HexUnit.HexUnit.Gathers.sum": {
            "value": 97.0,
            "min": 78.0,
            "max": 602.0,
            "count": 704
        },
        "HexUnit.HexUnit.Deposits.mean": {
            "value": 20.0,
            "min": 9.0,
            "max": 60.0,
            "count": 704
        },
        "HexUnit.HexUnit.Deposits.sum": {
            "value": 20.0,
            "min": 9.0,
            "max": 113.0,
            "count": 704
        },
        "HexUnit.HexUnit.Deaths.mean": {
            "value": 0.0,
            "min": 0.0,
            "max": 0.0,
            "count": 704
        },
        "HexUnit.HexUnit.Deaths.sum": {
            "value": 0.0,
            "min": 0.0,
            "max": 0.0,
            "count": 704
        },
        "HexUnit.HexUnit.Kills.mean": {
            "value": 0.0,
            "min": 0.0,
            "max": 0.0,
            "count": 704
        },