{
    "name": "root",
    "gauges": {
        "HexUnit.Policy.Entropy.mean": {
            "value": 0.4163913428783417,
            "min": 0.05147124454379082,
            "max": 0.948497474193573,
            "count": 426
        },
        "HexUnit.Policy.Entropy.sum": {
            "value": 760.33056640625,
            "min": 79.05982971191406,
            "max": 1942.5228271484375,
            "count": 426
        },
        "HexUnit.IsTraining.mean": {
            "value": 1.0,
            "min": 1.0,
            "max": 1.0,
            "count": 426
        },
        "HexUnit.IsTraining.sum": {
            "value": 1.0,
            "min": 1.0,
            "max": 1.0,
            "count": 426
        },
        "HexUnit.Step.mean": {
            "value": 2149614.0,
            "min": 1301550.0,
            "max": 2149614.0,
            "count": 425
        },
        "HexUnit.Step.sum": {
            "value": 2149614.0,
            "min": 1301550.0,
            "max": 2149614.0,
            "count": 425
        },
        "HexUnit.Policy.ExtrinsicValueEstimate.mean": {
            "value": 0.4500696063041687,
            "min": 0.22835713624954224,
            "max": 5.707152366638184,
            "count": 425
        },
        "HexUnit.Policy.ExtrinsicValueEstimate.sum": {
            "value": 2.2503480911254883,
            "min": 1.2968841791152954,
            "max": 29.96685028076172,
            "count": 425
        },
        "HexUnit.Policy.CuriosityValueEstimate.mean": {
            "value": 0.3580661416053772,
            "min": 0.32895007729530334,
            "max": 0.4931560456752777,
            "count": 425
        },
        "HexUnit.Policy.CuriosityValueEstimate.sum": {
            "value": 1.7903306484222412,
            "min": 1.114659070968628,
            "max": 3.4873948097229004,
            "count": 425
        },
        "HexUnit.Environment.EpisodeLength.mean": {
            "value": 1424.0,
            "min": 0.0,
            "max": 4532.0,
            "count": 369
        },
        "HexUnit.Environment.EpisodeLength.sum": {
            "value": 2848.0,
            "min": 0.0,
            "max": 4743.0,
            "count": 369
        },
        "HexUnit.Environment.CumulativeReward.mean": {
            "value": 3.2978501404286362,
            "min": -1.7166000953293405,
            "max": 19.247199773788452,
            "count": 340
        },
        "HexUnit.Environment.CumulativeReward.sum": {
            "value": 6.5957002808572724,
            "min": -3.433200190658681,
            "max": 35.990401344781276,
            "count": 340
        },
        "HexUnit.Policy.ExtrinsicReward.mean": {
            "value": 3.2978501404286362,
            "min": -1.7166000953293405,
            "max": 19.247199773788452,
            "count": 340
        },
        "HexUnit.Policy.ExtrinsicReward.sum": {
            "value": 6.5957002808572724,
            "min": -3.433200190658681,
            "max": 35.990401344781276,
            "count": 340
        },
        "HexUnit.Policy.CuriosityReward.mean": {
            "value": 6.2023039663909,
            "min": 0.0,
            "max": 17.52973783016205,
            "count": 340
        },
        "HexUnit.Policy.CuriosityReward.sum": {
            "value": 12.4046079327818,
            "min": 0.0,
            "max": 31.885238687507808,
            "count": 340
        },
        "HexUnit.Losses.PolicyLoss.mean": {
            "value": 0.022887197668508937,
            "min": 0.020389952630891155,
            "max": 0.0316210212399407,
            "count": 41
        },
        "HexUnit.Losses.PolicyLoss.sum": {
            "value": 0.022887197668508937,
            "min": 0.020389952630891155,
            "max": 0.0316210212399407,
            "count": 41
        },
        "HexUnit.Losses.ValueLoss.mean": {
            "value": 0.030278704191247622,
            "min": 0.008421225178365906,
            "max": 0.06448855468382438,
            "count": 41
        },
        "HexUnit.Losses.ValueLoss.sum": {
            "value": 0.030278704191247622,
            "min": 0.008421225178365906,
            "max": 0.06448855468382438,
            "count": 41
        },
        "HexUnit.Policy.LearningRate.mean": {
            "value": 0.00023556638147788006,
            "min": 0.00023556638147788006,
            "max": 0.0002603975532008199,
            "count": 41
        },
        "HexUnit.Policy.LearningRate.sum": {
            "value": 0.00023556638147788006,
            "min": 0.00023556638147788006,
            "max": 0.0002603975532008199,
            "count": 41
        },
        "HexUnit.Policy.Epsilon.mean": {
            "value": 0.17852212000000003,
            "min": 0.17852212000000003,
            "max": 0.18679917999999995,
            "count": 41
        },
        "HexUnit.Policy.Epsilon.sum": {
            "value": 0.17852212000000003,
            "min": 0.17852212000000003,
            "max": 0.18679917999999995,
            "count": 41
        },
        "HexUnit.Policy.Beta.mean": {
            "value": 0.006283917387999999,
            "min": 0.006283917387999999,
            "max": 0.006945254482000001,
            "count": 41
        },
        "HexUnit.Policy.Beta.sum": {
            "value": 0.006283917387999999,
            "min": 0.006283917387999999,
            "max": 0.006945254482000001,
            "count": 41
        },
        "HexUnit.Losses.CuriosityForwardLoss.mean": {
            "value": 0.06751861150066057,
            "min": 0.06380087540795405,
            "max": 0.09956819266080856,
            "count": 41
        },
        "HexUnit.Losses.CuriosityForwardLoss.sum": {
            "value": 0.06751861150066057,
            "min": 0.06380087540795405,
            "max": 0.09956819266080856,
            "count": 41
        },
        "HexUnit.Losses.CuriosityInverseLoss.mean": {
            "value": 0.6949418167273204,
            "min": 0.5747899701197942,
            "max": 0.8127650688091914,
            "count": 41
        },
        "HexUnit.Losses.CuriosityInverseLoss.sum": {
            "value": 0.6949418167273204,
            "min": 0.5747899701197942,
            "max": 0.8127650688091914,
            "count": 41
        },
        "HexUnit.HexUnit.Moves.mean": {
            "value": 194.0,
            "min": 43.0,
            "max": 556.0,
            "count": 83
        },
        "HexUnit.HexUnit.Moves.sum": {
            "value": 194.0,
            "min": 43.0,
            "max": 747.0,
            "count": 83
        },
        "HexUnit.HexUnit.Attacks.mean": {
            "value": 0.0,
            "min": 0.0,
            "max": 0.0,
            "count": 83
        },
        "HexUnit.HexUnit.Attacks.sum": {
            "value": 0.0,
            "min": 0.0,
            "max": 0.0,
            "count": 83
        },
        "HexUnit.HexUnit.Gathers.mean": {
            "value": 87.0,
            "min": 79.0,
            "max": 245.0,
            "count": 83
        },
        "HexUnit.HexUnit.Gathers.sum": {
            "value": 87.0,
            "min": 79.0,
            "max": 295.0,
            "count": 83
        },
        "HexUnit.HexUnit.Deposits.mean": {
            "value": 18.0,
            "min": 14.0,
            "max": 42.0,
            "count": 83
        },
        "HexUnit.HexUnit.Deposits.sum": {
            "value": 18.0,
            "min": 14.0,
            "max": 63.0,
            "count": 83
        },
        "HexUnit.HexUnit.Deaths.mean": {
            "value": 0.0,
            "min": 0.0,
            "max": 0.0,
            "count": 83
        },
        "HexUnit.HexUnit.Deaths.sum": {
            "value": 0.0,
            "min": 0.0,
            "max": 0.0,
            "count": 83
        },
        "HexUnit.HexUnit.Kills.mean": {
            "value": 0.0,
            "min": 0.0,
            "max": 0.0,
            "count": 83
        },